departamento_id,nombres
6077.0,"['Bartolome Mitre', 'Arrecifes']"
6427.0,"['Matanza', 'La Matanza']"
6434.0,"['Lanús', '4 de Junio']"
6588.0,"['9 de Julio', 'Marcelino Ugarte']"
6812.0,"['Tordillo', 'General Conesa']"
6840.0,"['Caseros', 'Tres de Febrero']"
14007.0,"['Calamuchita', 'General Belgrano']"
14042.0,"['Tercero Abajo', 'General San Martín']"
22049.0,"['Napalpí', 'General Belgrano']"
22063.0,"['Río Teuco', 'General Güemes']"
22070.0,"['Independencia', 'Napalpí']"
22084.0,"['Coronel Martínez de Hoz', 'Libertador General San Martín']"
22091.0,"['Tobas', 'Maipú']"
22105.0,"['Campo del Cielo', '9 de Julio']"
22140.0,"['Resistencia', 'Salvador Fontana', 'San Fernando']"
26021.0,"['Escalante', 'Comodoro Rivadavia']"
38007.0,"['Gobernador Tello', 'Cochinoca']"
38021.0,"['La Capital', 'Dr. Manuel Belgrano']"
46028.0,"['General Lavalle', 'Coronel Felipe Varela']"
46035.0,"['Gobernador Gordillo', 'Chamical']"
46056.0,"['Vélez Sarsfield', 'General Ángel V. Peñaloza']"
46070.0,"['Rivadavia', 'General Juan F. Quiroga']"
46112.0,"['Roca', 'Rosario Vera Peñaloza', 'General Roca']"
46119.0,"['Pelagio B. Luna', 'San Blas de Los Sauces']"
54028.0,"['Posadas', 'Capital']"
54042.0,"['Eldorado', 'El Dorado']"
54049.0,"['La Frontera', 'General Manuel Belgrano']"
58077.0,"['Las Minas', 'Minas']"
62028.0,"['General Conesa', 'Conesa']"
66049.0,"['Campo santo', 'General Güemes']"
70028.0,"['Capital', 'Trinidad', 'Barreal', 'Concepción']"
74014.0,"['General Belgrano', 'Belgrano']"
74056.0,"['Capital', 'Juan Martín de Pueyrredón']"
82028.0,"['Constitución', 'Villa Constitución']"
82063.0,"['Capital', 'La Capital']"
86035.0,"['La Banda', 'Banda']"
86077.0,"['28 de Marzo', 'General Taboada']"
86098.0,"['Matará', 'Juan F. Ibarra']"
