cultivo,anio,campania,provincia,provincia_id,departamento,departamento_id,superficie_sembrada_ha,superficie_cosechada_ha,produccion_tm,rendimiento_kgxha
avena,1926,1926/1927,La Pampa,42,otros departamentos,,44300.0,44300.0,37095.0,
avena,1927,1927/1928,Buenos Aires,6,Trenque Lauquen,6826,28000.0,13720.0,18108.0,
avena,1935,1935/1936,Corrientes,18,Bella Vista,18007,70.0,30.0,17.0,
avena,1935,1935/1936,Corrientes,18,Capital,18021,20.0,15.0,9.0,
avena,1935,1935/1936,Corrientes,18,Concepción,18028,5.0,3.0,2.0,
avena,1935,1935/1936,Corrientes,18,Curuzu Cuatia,18035,1000.0,480.0,350.0,
avena,1935,1935/1936,Corrientes,18,Empedrado,18042,90.0,50.0,35.0,
avena,1935,1935/1936,Corrientes,18,Esquina,18049,90.0,45.0,30.0,
avena,1935,1935/1936,Corrientes,18,Goya,18070,140.0,80.0,50.0,
avena,1935,1935/1936,Corrientes,18,Lavalle,18091,50.0,30.0,18.0,
avena,1935,1935/1936,Corrientes,18,Mercedes,18105,500.0,260.0,210.0,
avena,1935,1935/1936,Corrientes,18,Monte Caseros,18112,80.0,30.0,20.0,
avena,1935,1935/1936,Corrientes,18,Paso de los Libres,18119,300.0,120.0,75.0,
avena,1935,1935/1936,Corrientes,18,Saladas,18126,10.0,5.0,4.0,
avena,1935,1935/1936,Corrientes,18,San Cosme,18133,5.0,3.0,2.0,
avena,1935,1935/1936,Corrientes,18,San Martín,18147,40.0,15.0,9.0,
avena,1935,1935/1936,Corrientes,18,San Miguel,18154,20.0,7.0,4.0,
avena,1935,1935/1936,Corrientes,18,San Roque,18161,40.0,20.0,15.0,
avena,1935,1935/1936,Corrientes,18,Santo Tomé,18168,35.0,15.0,9.0,
avena,1935,1935/1936,Corrientes,18,Sauce,18175,300.0,190.0,120.0,
avena,1938,1938/1939,Mendoza,50,Luján de Cuyo,50063,40.0,35.0,38.0,
avena,1940,1940/1941,Neuquén,58,Catán Lil,58021,30.0,15.0,7.0,
avena,1953,1953/1954,La Pampa,42,Quemú Quemú,42119,2900.0,900.0,630.0,
avena,1966,1966/1967,Buenos Aires,6,otros departamentos,,446250.0,199510.0,280694.0,
avena,1967,1967/1968,Chubut,26,Río Senguer,26084,18.0,18.0,10.0,
centeno,1924,1924/1925,Santa Fe,82,9 de Julio,82077,250.0,50.0,27.0,
centeno,1936,1936/1937,Buenos Aires,6,Zárate,6882,10.0,10.0,10.0,
centeno,1949,1949/1950,Buenos Aires,6,Mar Chiquita,6518,50.0,30.0,21.0,
maní,1934,1934/1935,Corrientes,18,Empedrado,18042,204.0,163.0,147.0,
trigo,1935,1935/1936,Buenos Aires,6,Pila,6630,201100.0,161100.0,46171.0,
trigo,1935,1935/1936,Buenos Aires,6,Villarino,6875,180000.0,100000.0,46000.0,
