provincia,cultivo,produccion_total_tm,superficie_cosechada_total_ha,rendimiento_ponderado_kgxha
BUENOS AIRES,avena,7332912.0,3125806.0,2345.9267785652723
BUENOS AIRES,centeno,695826.0,307134.0,2265.545332004923
BUENOS AIRES,girasol,29714845.0,13513407.0,2198.915861854823
BUENOS AIRES,maní,1069720.0,316920.0,3375.3628676006565
BUENOS AIRES,maíz,189477904.0,25757256.0,7356.292300701596
BUENOS AIRES,soja,235200865.0,84403449.0,2786.6262313522284
BUENOS AIRES,sorgo,6118411.0,1298940.0,4710.310714890603
BUENOS AIRES,trigo,125119614.0,34825416.0,3592.767247920312
CATAMARCA,avena,330.0,300.0,1100.0
CATAMARCA,centeno,2250.0,2123.0,1059.8210080075364
CATAMARCA,girasol,711.0,280.0,2539.285714285714
CATAMARCA,maní,11206.0,7330.0,1528.7858117326057
CATAMARCA,maíz,1006554.0,166760.0,6035.943871431998
CATAMARCA,soja,1338334.0,557457.0,2400.7842757378594
CATAMARCA,sorgo,30614.0,10560.0,2899.0530303030305
CATAMARCA,trigo,440661.0,348195.0,1265.5580924481972
CHACO,avena,580.0,400.0,1450.0
CHACO,girasol,6099660.0,3659106.0,1666.980951084773
CHACO,maíz,13168220.0,2807037.0,4691.145859495261
CHACO,soja,15869562.0,7724358.0,2054.4829745073957
CHACO,sorgo,2851308.0,941099.0,3029.7641374605646
CHACO,trigo,2985865.0,1866028.0,1600.118004660166
CORRIENTES,avena,0.0,0.0,
CORRIENTES,centeno,0.0,0.0,
CORRIENTES,girasol,10001.0,5580.0,1792.2939068100359
CORRIENTES,maíz,654194.0,147133.0,4446.276498134341
CORRIENTES,soja,363175.0,202925.0,1789.7006283109524
CORRIENTES,sorgo,155027.0,47542.0,3260.8430440452653
CORRIENTES,trigo,79122.0,31215.0,2534.742912061509
CÓRDOBA,avena,664908.0,331771.0,2004.1172977746699
CÓRDOBA,centeno,661636.0,330596.0,2001.3430289537685
CÓRDOBA,girasol,2270859.0,1009709.0,2249.0232334266607
CÓRDOBA,maní,14205101.0,4841030.0,2934.313772069167
CÓRDOBA,maíz,219169627.0,30282388.0,7237.52786603223
CÓRDOBA,soja,200961137.0,69594463.0,2887.602380091646
CÓRDOBA,sorgo,9838760.0,1864728.0,5276.244042026505
CÓRDOBA,trigo,43445369.0,14887636.0,2918.2181106523562
ENTRE RÍOS,avena,226109.0,124990.0,1809.016721337707
ENTRE RÍOS,centeno,319.0,114.0,2798.245614035088
ENTRE RÍOS,girasol,280472.0,148581.0,1887.670698137716
ENTRE RÍOS,maíz,27592682.0,4857331.0,5680.626253388949
ENTRE RÍOS,soja,43157296.0,18583510.0,2322.3436261502807
ENTRE RÍOS,sorgo,7042130.0,1468795.0,4794.494806967617
ENTRE RÍOS,trigo,22998978.0,7136760.0,3222.607737965127
FORMOSA,girasol,63270.0,37350.0,1693.9759036144578
FORMOSA,maíz,1213698.0,293724.0,4132.103607468235
FORMOSA,soja,436590.0,220814.0,1977.1844176546776
FORMOSA,sorgo,244306.0,91657.0,2665.437446130683
FORMOSA,trigo,35482.0,22469.0,1579.153500378299
JUJUY,avena,1664.0,1340.0,1241.7910447761194
JUJUY,maní,8185.0,7232.0,1131.7754424778761
JUJUY,maíz,421874.0,92519.0,4559.863379413958
JUJUY,soja,300471.0,123829.0,2426.4994468177892
JUJUY,sorgo,28132.0,8359.0,3365.47433903577
JUJUY,trigo,92009.0,50241.0,1831.352879122629
LA PAMPA,avena,1003532.0,697940.0,1437.8485256612316
LA PAMPA,centeno,444087.0,310918.0,1428.3090718453097
LA PAMPA,girasol,7290262.0,3492244.0,2087.5580285913584
LA PAMPA,maní,800992.0,265589.0,3015.9080383600226
LA PAMPA,maíz,27950435.0,4225707.0,6614.380741494855
LA PAMPA,soja,17788991.0,6720983.0,2646.7841088126543
LA PAMPA,sorgo,1489838.0,455175.0,3273.1103421760863
LA PAMPA,trigo,9386091.0,4146910.0,2263.3939487473804
MISIONES,maíz,1304558.0,385223.0,3386.500806026639
MISIONES,soja,109798.0,38735.0,2834.5940364011876
SALTA,avena,4402.0,5600.0,786.0714285714286
SALTA,centeno,11531.0,12147.0,949.2878900139953
SALTA,girasol,8862.0,6318.0,1402.659069325736
SALTA,maní,89817.0,90780.0,989.3919365499008
SALTA,maíz,21404847.0,3657488.0,5852.3355373961585
SALTA,soja,13294391.0,6096132.0,2180.7911967785476
SALTA,sorgo,404653.0,175474.0,2306.056737750322
SALTA,trigo,1718764.0,1386886.0,1239.2972457721833
SAN LUIS,avena,38180.0,22830.0,1672.3609286027158
SAN LUIS,centeno,87392.0,73710.0,1185.6193189526523
SAN LUIS,girasol,1060100.0,588140.0,1802.4619988438128
SAN LUIS,maní,652385.0,212215.0,3074.17006337912
SAN LUIS,maíz,23447583.0,4553210.0,5149.681872788648
SAN LUIS,soja,9097466.0,4106936.0,2215.146766348441
SAN LUIS,sorgo,869241.0,218308.0,3981.718489473588
SAN LUIS,trigo,479609.0,181355.0,2644.5865843235642
SANTA FE,avena,266697.0,100010.0,2666.7033296670334
SANTA FE,centeno,2198.0,1597.0,1376.3306199123356
SANTA FE,girasol,5880671.0,3223041.0,1824.572197499194
SANTA FE,maní,235216.0,79564.0,2956.3118998542054
SANTA FE,maíz,76886938.0,10237742.0,7510.146084947247
SANTA FE,soja,138559422.0,44841597.0,3089.9751853173293
SANTA FE,sorgo,7501660.0,1626892.0,4611.03748743002
SANTA FE,trigo,45997969.0,14542023.0,3163.106604906346
SANTIAGO DEL ESTERO,avena,22499.0,18171.0,1238.1817181222827
SANTIAGO DEL ESTERO,centeno,57826.0,38354.0,1507.691505449236
SANTIAGO DEL ESTERO,girasol,933332.0,537084.0,1737.776586157845
SANTIAGO DEL ESTERO,maní,1365.0,580.0,2353.448275862069
SANTIAGO DEL ESTERO,maíz,52755913.0,8445957.0,6246.29192405313
SANTIAGO DEL ESTERO,soja,39988402.0,15160581.0,2637.65630090298
SANTIAGO DEL ESTERO,sorgo,5835877.0,1663197.0,3508.8308841345915
SANTIAGO DEL ESTERO,trigo,9172475.0,4872245.0,1882.5972421337597
TUCUMÁN,avena,16052.0,15311.0,1048.3965776239304
TUCUMÁN,centeno,5620.0,6017.0,934.0202758849925
TUCUMÁN,girasol,1748.0,690.0,2533.3333333333335
TUCUMÁN,maní,10311.0,6316.0,1632.5205826472452
TUCUMÁN,maíz,5651708.0,1026132.0,5507.778726323709
TUCUMÁN,soja,6734906.0,2861002.0,2354.037501546661
TUCUMÁN,sorgo,208951.0,65320.0,3198.8824249846907
TUCUMÁN,trigo,1608322.0,1414517.0,1137.01143217084
