cultivo,anio,produccion_total_tm,superficie_cosechada_total_ha,rendimiento_ponderado_kgxha
avena,1923,1104052.0,859596.0,1284.3847574907281
avena,1924,775611.0,690902.0,1122.606389907686
avena,1925,1166682.0,905407.0,1288.5718798286296
avena,1926,961998.0,898068.0,1071.1861462606396
avena,1927,759000.0,705430.0,1075.939497894901
avena,1928,945974.0,887429.0,1065.9714749010907
avena,1929,988952.0,872415.0,1133.5797756801521
avena,1930,885175.0,907910.0,974.9589717042438
avena,1931,1059314.0,825830.0,1282.7264691280288
avena,1932,994300.0,881610.0,1127.822960265877
avena,1933,823000.0,668305.0,1231.4736534965323
avena,1934,900685.0,855500.0,1052.8170660432495
avena,1935,520586.0,552495.0,942.2456311821826
avena,1936,803702.3,914879.0,878.4793398908489
avena,1937,757231.0,844682.0,896.4687302440445
avena,1938,757852.0,796690.0,951.2508001857686
avena,1939,802600.0,880082.0,911.9604764101526
avena,1940,539499.5,570000.0,946.490350877193
avena,1941,450000.0,470000.0,957.4468085106383
avena,1942,580000.0,626096.0,926.3755079093302
avena,1943,924863.0,1067030.0,866.7638210734468
avena,1944,1098700.0,1021400.0,1075.6804386136675
avena,1945,793572.0,740551.0,1071.5966894920134
avena,1946,54062.0,107014.0,505.1862373147439
avena,1947,824300.0,681720.0,1209.147450566215
avena,1948,733200.0,642050.0,1141.9671365158476
avena,1949,540100.0,515500.0,1047.7206595538312
avena,1950,673000.0,631300.0,1066.0541739268176
avena,1951,438000.0,417900.0,1048.097631012204
avena,1952,1269300.0,963000.0,1318.0685358255453
avena,1953,991200.0,728650.0,1360.3238866396762
avena,1954,890000.0,694900.0,1280.7598215570586
avena,1955,723000.0,654200.0,1105.166615713849
avena,1956,1140000.0,956000.0,1192.4686192468619
avena,1957,994996.0,876100.0,1135.7105353270174
avena,1958,850000.0,795700.0,1068.2417996732436
avena,1959,93300.0,93700.0,995.7310565635005
avena,1960,843000.0,767500.0,1098.371335504886
avena,1961,700000.0,596700.0,1173.1188201776438
avena,1962,487200.0,411800.0,1183.0985915492959
avena,1963,906000.0,693200.0,1306.9821119446046
avena,1964,804500.0,569500.0,1412.6426690079018
avena,1965,480000.0,420500.0,1141.4982164090368
avena,1966,540000.0,412400.0,1309.408341416101
avena,1967,560425.0,418000.0,1340.7296650717703
avena,1968,386746.0,358220.0,1079.6326279939701
avena,1969,425000.0,327400.0,1298.1062919975566
avena,1970,359960.0,299670.0,1201.187973437448
avena,1971,475000.0,357000.0,1330.532212885154
avena,1972,566000.0,398700.0,1419.613744670178
avena,1973,561000.0,394600.0,1421.6928535225545
avena,1974,327000.0,282200.0,1158.7526576895818
avena,1975,432900.0,337750.0,1281.7172464840858
avena,1976,530000.0,383000.0,1383.8120104438642
avena,1977,570000.0,430000.0,1325.5813953488373
avena,1978,676000.0,500000.0,1352.0
avena,1979,522000.0,410000.0,1273.1707317073171
avena,1980,433000.0,349600.0,1238.558352402746
avena,1981,338970.0,298470.0,1135.6920293496835
avena,1982,636970.0,407970.0,1561.3157830232615
avena,1983,592970.0,409970.0,1446.374124935971
avena,1984,717000.0,434300.0,1650.9325351139764
avena,1985,400000.0,333000.0,1201.2012012012012
avena,1986,495000.0,312000.0,1586.5384615384614
avena,1987,718000.0,476423.0,1507.0641005996772
avena,1988,450000.0,355590.0,1265.5024044545685
avena,1989,666600.0,443910.0,1501.6557410285868
avena,1990,275000.0,201200.0,1366.7992047713717
avena,1991,210000.0,131000.0,1603.0534351145038
avena,1992,600200.0,371800.0,1614.308768154922
avena,1993,436540.0,303500.0,1438.35255354201
avena,1994,357286.0,259070.0,1379.1098930790906
avena,1995,260280.0,213750.0,1217.6842105263158
avena,1996,309500.0,246480.0,1255.6799740344045
avena,1997,512100.0,289500.0,1768.9119170984457
avena,1998,383395.0,240300.0,1595.48481065335
avena,1999,554708.0,337460.0,1643.7740769276359
avena,2000,644150.0,335534.0,1919.7756412166875
avena,2001,644760.0,362545.0,1778.427505551035
avena,2002,487510.0,292315.0,1667.7556745291895
avena,2003,331993.0,220785.0,1503.6936386076952
avena,2004,536091.0,291307.0,1840.2956331293103
avena,2005,226910.0,148225.0,1530.848372406814
avena,2006,242960.0,138025.0,1760.2608223147981
avena,2007,472420.0,224250.0,2106.6666666666665
avena,2008,290525.0,211805.0,1371.662614197021
avena,2009,181990.0,139368.0,1305.8234314907295
avena,2010,660200.0,284570.0,2319.991566222722
avena,2011,414990.0,196135.0,2115.8385805695057
avena,2012,495940.0,260240.0,1905.7024285275131
avena,2013,444820.0,226109.0,1967.2812669995444
avena,2014,524716.0,244528.0,2145.831970162926
avena,2015,553435.0,239640.0,2309.443331664163
avena,2016,784981.0,321054.0,2445.012365521065
avena,2017,491713.0,218399.0,2251.4434589901966
avena,2018,571630.0,238166.0,2400.1326805673352
avena,2019,600105.0,322328.0,1861.7836489538606
avena,2020,506718.0,241925.0,2094.525162757053
avena,2021,723154.0,348835.0,2073.0545960124414
avena,2022,428884.0,257361.0,1666.4685014434976
avena,2023,564909.0,277521.0,2035.5540661787757
avena,2024,556060.0,296648.0,1874.477495213182
avena,2025,1255610.0,471010.0,2665.782042844101
centeno,1923,97876.0,152652.0,641.1707674973142
centeno,1924,37020.0,65471.0,565.4411877014251
centeno,1925,121163.0,144092.0,840.8724981261971
centeno,1926,142120.0,197095.0,721.0735939521551
centeno,1927,207505.0,268663.0,772.3616575412319
centeno,1928,228000.0,350779.0,649.9818974339969
centeno,1929,111794.0,219735.0,508.7673788882062
centeno,1930,104892.0,202320.0,518.4460260972717
centeno,1931,247500.0,388077.0,637.7600321585664
centeno,1932,320000.0,480270.0,666.291877485581
centeno,1933,184133.0,290380.0,634.1104759280943
centeno,1934,397412.0,533020.0,745.5855314997561
centeno,1935,153000.0,271159.0,564.2445944999059
centeno,1936,215476.4,440642.0,489.00558730216363
centeno,1937,131302.0,364661.0,360.0659242419672
centeno,1938,371268.0,562705.0,659.7915426377942
centeno,1939,370000.0,541349.0,683.4777564935005
centeno,1940,240300.0,300000.0,801.0
centeno,1941,140000.0,213894.0,654.5298138330201
centeno,1942,150900.0,253456.0,595.3696105043873
centeno,1943,557200.3,802820.0,694.0538352308114
centeno,1944,189400.0,328330.0,576.8586483111503
centeno,1945,293028.0,569607.0,514.4389026118008
centeno,1946,552193.0,923434.0,597.9777656010067
centeno,1947,470700.0,713320.0,659.8721471429373
centeno,1948,305200.0,566800.0,538.4615384615385
centeno,1949,277100.0,467000.0,593.3618843683083
centeno,1950,631000.0,984600.0,640.8693885841966
centeno,1951,81200.0,151700.0,535.2669742913646
centeno,1952,1334800.0,1069794.0,1247.7168501599374
centeno,1953,607200.0,836000.0,726.3157894736842
centeno,1954,835850.0,1093200.0,764.5901939260885
centeno,1955,653900.0,890000.0,734.7191011235955
centeno,1956,880000.0,1219500.0,721.6072160721607
centeno,1957,630000.0,893400.0,705.1712558764272
centeno,1958,817000.0,1063900.0,767.9293166651001
centeno,1959,1060000.0,1316800.0,804.9817739975699
centeno,1960,505000.0,732800.0,689.1375545851529
centeno,1961,510000.0,694500.0,734.341252699784
centeno,1962,163100.0,286550.0,569.1851334845577
centeno,1963,538000.0,655100.0,821.2486643260571
centeno,1964,651500.0,773400.0,842.3842772174812
centeno,1965,245000.0,331200.0,739.7342995169082
centeno,1966,270000.0,420300.0,642.3982869379015
centeno,1967,352000.0,564500.0,623.5606731620903
centeno,1968,360000.0,604200.0,595.8291956305859
centeno,1969,377000.0,528400.0,713.4746404239213
centeno,1970,180700.0,360300.0,501.526505689703
centeno,1971,256000.0,432700.0,591.6339265079732
centeno,1972,690000.0,746500.0,924.3134628265237
centeno,1973,613000.0,656000.0,934.4512195121952
centeno,1974,306000.0,374700.0,816.6533226581265
centeno,1975,273200.0,299500.0,912.1869782971619
centeno,1976,330000.0,340000.0,970.5882352941177
centeno,1977,170000.0,240000.0,708.3333333333334
centeno,1978,210000.0,260000.0,807.6923076923077
centeno,1979,202000.0,225000.0,897.7777777777778
centeno,1980,155000.0,210000.0,738.0952380952381
centeno,1981,149000.0,162200.0,918.6189889025894
centeno,1982,148000.0,173700.0,852.0437535981578
centeno,1983,130000.0,160400.0,810.4738154613466
centeno,1984,155800.0,159200.0,978.643216080402
centeno,1985,94000.0,90000.0,1044.4444444444443
centeno,1986,60000.0,64700.0,927.3570324574962
centeno,1987,88300.0,96325.0,916.6882948351933
centeno,1988,41200.0,54580.0,754.855258336387
centeno,1989,62500.0,80570.0,775.7229738115924
centeno,1990,55100.0,68000.0,810.2941176470588
centeno,1991,46000.0,50800.0,905.511811023622
centeno,1992,34000.0,48100.0,706.8607068607068
centeno,1993,63700.0,73850.0,862.5592417061612
centeno,1994,54030.0,56255.0,960.4479601813172
centeno,1995,40200.0,50930.0,789.3186726880032
centeno,1996,36340.0,42600.0,853.0516431924883
centeno,1997,61740.0,63150.0,977.6722090261283
centeno,1998,66240.0,60500.0,1094.8760330578511
centeno,1999,120345.0,94065.0,1279.3812789028864
centeno,2000,129750.0,89495.0,1449.8016648974804
centeno,2001,86530.0,64029.0,1351.4188883162317
centeno,2002,79150.0,56450.0,1402.1257750221434
centeno,2003,36670.0,38601.0,949.9753892386208
centeno,2004,91870.0,62460.0,1470.8613512648094
centeno,2005,33070.0,28675.0,1153.2693984306889
centeno,2006,17483.0,14750.0,1185.2881355932204
centeno,2007,77180.0,38700.0,1994.315245478036
centeno,2008,33859.0,33580.0,1008.3085169743895
centeno,2009,25135.0,26430.0,951.0026485054861
centeno,2010,44460.0,24100.0,1844.8132780082988
centeno,2011,43110.0,23405.0,1841.9141209143345
centeno,2012,39700.0,22725.0,1746.974697469747
centeno,2013,52130.0,31965.0,1630.8462380728922
centeno,2014,97398.0,51112.0,1905.5799029582095
centeno,2015,60676.0,34390.0,1764.3501017737715
centeno,2016,78810.0,40890.0,1927.3661041819516
centeno,2017,86098.0,45034.0,1911.8443842430163
centeno,2018,86566.0,49321.0,1755.1550049674581
centeno,2019,221201.0,108532.0,2038.117790144842
centeno,2020,135945.0,86000.0,1580.7558139534883
centeno,2021,225510.0,116508.0,1935.5752394685344
centeno,2022,179428.0,107792.0,1664.5762208698234
centeno,2023,217699.0,118002.0,1844.8755105845664
centeno,2024,215369.0,126825.0,1698.1588803469347
centeno,2025,184585.0,96109.0,1920.5797583993174
girasol,1969,1140000.0,1347400.0,846.0739201424966
girasol,1970,830000.0,1313100.0,632.0919960399056
girasol,1971,828000.0,1286500.0,643.606684803731
girasol,1972,880000.0,1337900.0,657.7472157859332
girasol,1973,970000.0,1189800.0,815.2630694234325
girasol,1974,732000.0,1005000.0,728.3582089552239
girasol,1975,1085000.0,1258400.0,862.2059758423395
girasol,1976,900000.0,1227000.0,733.4963325183375
girasol,1977,1600000.0,2000000.0,800.0
girasol,1978,1430000.0,1557000.0,918.4328837508028
girasol,1979,1650000.0,1855000.0,889.4878706199461
girasol,1980,1260000.0,1280000.0,984.375
girasol,1981,1980000.0,1673000.0,1183.5026897788405
girasol,1982,2400000.0,1902000.0,1261.8296529968454
girasol,1983,2200000.0,1989000.0,1106.0834590246354
girasol,1984,3400000.0,2360000.0,1440.677966101695
girasol,1985,4100000.0,3046000.0,1346.0275771503611
girasol,1986,2200000.0,1735100.0,1267.9384473517378
girasol,1987,2915000.0,2032000.0,1434.5472440944882
girasol,1988,3200000.0,2215975.0,1444.059612585882
girasol,1989,3900000.0,2688705.0,1450.5124214073319
girasol,1990,4033400.0,2301150.0,1752.7757860200334
girasol,1991,3676900.0,2602175.0,1413.0102702546908
girasol,1992,2955900.0,2059750.0,1435.07707246025
girasol,1993,4094900.0,2152550.0,1902.3483775057489
girasol,1994,5799540.0,2954500.0,1962.9514300220003
girasol,1995,5557800.0,3235630.0,1717.6871273909562
girasol,1996,5450000.0,3007470.0,1812.1544022051758
girasol,1997,5599880.0,3331400.0,1680.938944587861
girasol,1998,7125140.0,4067870.0,1751.5653155090993
girasol,1999,6069655.0,3477120.0,1745.598368764955
girasol,2000,3179043.0,1903925.0,1669.7312131517785
girasol,2001,3843579.0,2014915.0,1907.5638426434862
girasol,2002,3714000.0,2324510.0,1597.7560862289256
girasol,2003,3176472.0,1835238.0,1730.8229232393837
girasol,2004,3662108.0,1922909.0,1904.462457661803
girasol,2005,3759737.0,2167074.0,1734.9370626014618
girasol,2006,3497733.0,2351348.0,1487.543740866941
girasol,2007,4650365.0,2569136.0,1810.0890727466353
girasol,2008,2483438.0,1820030.0,1364.503881804146
girasol,2009,2223937.0,1491317.0,1491.257056682114
girasol,2010,3671748.0,1743040.0,2106.519643840646
girasol,2011,3340520.0,1823412.0,1832.016022709075
girasol,2012,3104420.0,1620081.0,1916.2128313337419
girasol,2013,2063410.0,1261640.0,1635.49824038553
girasol,2014,3158290.0,1439915.0,2193.38641517034
girasol,2015,3000367.0,1413963.0,2121.9558078959635
girasol,2016,3546707.0,1819045.0,1949.7631999208377
girasol,2017,3537545.0,1678031.0,2108.152352370129
girasol,2018,3530157.0,1761001.0,2004.6308889092056
girasol,2019,2857413.0,1381573.0,2068.231646101943
girasol,2020,3247366.0,1628002.0,1994.6941097123959
girasol,2021,4050362.0,1958686.0,2067.897559894746
girasol,2022,5018874.0,2453245.0,2045.810345073566
girasol,2023,3895161.0,1842731.0,2113.7979444639504
girasol,2024,5592453.0,2397165.0,2332.9445407387475
maní,1927,64724.0,54952.0,1177.8279225505896
maní,1928,46186.0,50445.0,915.5714144117355
maní,1929,65410.0,44905.0,1456.6306647366664
maní,1930,66445.0,50084.0,1326.6711923967734
maní,1931,58663.0,46980.0,1248.6802894848872
maní,1932,78287.0,78265.0,1000.2810962754744
maní,1933,104057.0,83193.0,1250.7903309172648
maní,1934,92772.0,73427.0,1263.4589456194587
maní,1935,113508.0,89050.0,1274.654688377316
maní,1936,79346.0,106319.0,746.30122555705
maní,1937,69317.0,92595.0,748.6041362924564
maní,1938,40822.0,48282.0,845.4910732778261
maní,1939,84395.4,77118.0,1094.3670738349024
maní,1940,61000.0,61935.0,984.903527892145
maní,1941,82600.0,67079.0,1231.3838906364138
maní,1942,96057.0,109036.0,880.9659195128214
maní,1943,198888.0,145165.0,1370.0823201184858
maní,1944,158250.0,142020.0,1114.2796789184622
maní,1945,156200.0,154039.0,1014.0289147553542
maní,1946,112800.0,113630.0,992.6955909530934
maní,1947,104700.0,107442.0,974.4792539230468
maní,1948,85150.0,94100.0,904.8884165781084
maní,1949,60600.0,76185.0,795.43217168734
maní,1950,93200.0,105280.0,885.258358662614
maní,1951,154700.0,141690.0,1091.8201707953983
maní,1952,204000.0,175378.0,1163.2017698913205
maní,1953,169650.0,181584.0,934.2783505154639
maní,1954,118000.0,148791.0,793.0587199494593
maní,1955,216200.0,195500.0,1105.8823529411766
maní,1956,318000.0,221520.0,1435.5362946912242
maní,1957,290300.0,239630.0,1211.4509869381964
maní,1958,240800.0,259510.0,927.9025856421717
maní,1959,209300.0,189500.0,1104.485488126649
maní,1960,266000.0,189300.0,1405.176967776017
maní,1961,433000.0,279580.0,1548.751698977037
maní,1962,312000.0,266140.0,1172.315322762456
maní,1963,333000.0,344280.0,967.2359707215057
maní,1964,439300.0,378430.0,1160.8487699178183
maní,1965,410800.0,333300.0,1232.5232523252325
maní,1966,354000.0,327500.0,1080.9160305343512
maní,1967,282800.0,287250.0,984.5082680591819
maní,1968,217000.0,243500.0,891.170431211499
maní,1969,234500.0,210500.0,1114.0142517814727
maní,1970,387600.0,309800.0,1251.129761136217
maní,1971,252000.0,293800.0,857.7263444520082
maní,1972,440000.0,379000.0,1160.9498680738786
maní,1973,290000.0,344500.0,841.799709724238
maní,1974,375200.0,356800.0,1051.5695067264573
maní,1975,337900.0,308830.0,1094.1294563352005
maní,1976,600000.0,367000.0,1634.8773841961852
maní,1977,260000.0,428000.0,607.4766355140187
maní,1978,470000.0,392500.0,1197.4522292993631
maní,1979,206000.0,279100.0,738.0867072733787
maní,1980,170000.0,196700.0,864.260294865277
maní,1981,205000.0,179000.0,1145.2513966480446
maní,1982,165000.0,125000.0,1320.0
maní,1983,235000.0,145700.0,1612.9032258064517
maní,1984,240000.0,146000.0,1643.835616438356
maní,1985,259000.0,173000.0,1497.1098265895953
maní,1986,350000.0,238400.0,1468.1208053691275
maní,1987,274100.0,193340.0,1417.7097341470983
maní,1988,190200.0,153200.0,1241.5143603133158
maní,1989,234700.0,165900.0,1414.7076552139843
maní,1990,310600.0,178820.0,1736.9421764903254
maní,1991,221400.0,153100.0,1446.1136512083606
maní,1992,233400.0,110000.0,2121.818181818182
maní,1993,208100.0,133700.0,1556.469708302169
maní,1994,237817.0,155110.0,1533.2151376442525
maní,1995,462390.0,238830.0,1936.063308629569
maní,1996,280856.0,298070.0,942.2484651256416
maní,1997,627695.0,383675.0,1636.0070372059686
maní,1998,340207.0,329710.0,1031.837068939371
maní,1999,419600.0,219260.0,1913.709750980571
maní,2000,394800.0,251060.0,1572.5324623595952
maní,2001,361900.0,222370.0,1627.4677339569187
maní,2002,220900.0,156426.0,1412.1693324639127
maní,2003,292950.0,167473.0,1749.2371904724941
maní,2004,444800.0,210820.0,2109.8567498339817
maní,2005,347323.0,163679.0,2121.9765516651496
maní,2006,600035.0,215061.0,2790.06886418272
maní,2007,625349.0,227389.0,2750.128634190748
maní,2008,605491.0,257430.0,2352.0607543798315
maní,2009,611040.0,218828.0,2792.3300491710384
maní,2010,701535.0,264568.0,2651.6245350911677
maní,2011,685722.0,307166.0,2232.4150459360735
maní,2012,1025857.0,404022.0,2539.1117315393717
maní,2013,1165924.0,409312.0,2848.496990071144
maní,2014,1010777.0,424628.0,2380.3823582052996
maní,2015,1001113.0,341838.0,2928.6182343683267
maní,2016,1081032.0,334050.0,3236.138302649304
maní,2017,921231.0,443864.0,2075.4803273074635
maní,2018,1337229.0,387014.0,3455.2470970042427
maní,2019,1285431.0,367377.0,3498.9425032051545
maní,2020,1267242.0,401756.0,3154.2578082219056
maní,2021,1346167.0,406477.0,3311.7913190660233
maní,2022,962674.0,371627.0,2590.430727584379
maní,2023,1482827.0,431991.0,3432.5414186869634
maní,2024,1809537.0,531866.0,3402.2422941116747
maíz,1923,7030000.0,3434752.980322899,2046.7265157854567
maíz,1924,4379435.0,2659768.0,1646.5477440137636
maíz,1925,8169955.0,3898872.0,2095.466329748707
maíz,1926,8150000.0,3666650.0,2222.7373760789824
maíz,1927,7915000.0,3641826.0,2173.3602868451158
maíz,1928,6411529.0,3652577.0,1755.3439667390996
maíz,1929,7128068.0,4220000.0,1689.1156398104265
maíz,1930,10660000.0,4685250.0,2275.225441545275
maíz,1931,7603391.0,3851690.0,1974.040226497979
maíz,1932,6801404.0,3793355.0,1792.9785111069225
maíz,1933,6525960.0,4112030.0,1587.0409505767225
maíz,1934,11480000.0,5702400.0,2013.1874298540965
maíz,1935,10051206.0,5119245.0,1963.415698994676
maíz,1936,8640220.0,4361100.0,1981.2019903235423
maíz,1937,4423998.0,3125451.0,1415.4750786366512
maíz,1938,4864000.0,3501970.0,1388.9325151271998
maíz,1939,10375000.0,5695000.0,1821.7734855136084
maíz,1940,10238000.0,4932300.0,2075.7050463272712
maíz,1941,9033600.0,4088700.0,2209.4064127962433
maíz,1942,1943180.0,1767370.0,1099.4754918324968
maíz,1943,8730000.0,3700380.0,2359.217161480713
maíz,1944,2965500.0,2054450.0,1443.4520187884834
maíz,1945,3574190.0,2614733.0,1366.9426285590155
maíz,1946,5814695.0,2600386.0,2236.0891806062637
maíz,1947,5200000.0,2584201.0,2012.227377050005
maíz,1948,3450000.0,2036140.0,1694.3825080790123
maíz,1949,836400.0,941980.0,887.9169409116967
maíz,1950,2670000.0,1713800.0,1557.9414167347416
maíz,1951,2040000.0,1431235.0,1425.3424490038324
maíz,1952,3550000.0,2355627.0,1507.0297632010502
maíz,1953,4450000.0,2414393.0,1843.11336224053
maíz,1954,2546000.0,1862800.0,1366.7597165557227
maíz,1955,3870000.0,2240259.0,1727.4788316886575
maíz,1956,2698000.0,1957450.0,1378.323839689392
maíz,1957,4806000.0,2447750.0,1963.4358083954653
maíz,1958,4932000.0,2361280.0,2088.6976555088763
maíz,1959,4108000.0,2414580.0,1701.331080353519
maíz,1960,4850000.0,2744400.0,1767.2350969246465
maíz,1961,5220000.0,2756670.0,1893.5890041245416
maíz,1962,4360000.0,2645400.0,1648.1439479851817
maíz,1963,5350000.0,2969700.0,1801.5287739502307
maíz,1964,5140000.0,3062300.0,1678.476961760768
maíz,1965,7040000.0,3274500.0,2149.9465567262178
maíz,1966,8510000.0,3450500.0,2466.309230546298
maíz,1967,6560000.0,3377700.0,1942.1499837167303
maíz,1968,6860000.0,3556000.0,1929.1338582677165
maíz,1969,9358372.0,4015602.0,2330.5028735417504
maíz,1970,9928194.0,4063996.0,2442.9635265389043
maíz,1971,5858318.0,3145971.0,1862.1652901441241
maíz,1972,9698405.0,3564285.0,2720.9959360713297
maíz,1973,9898570.0,3484950.0,2840.3764759896126
maíz,1974,7698750.0,3069150.0,2508.430672987635
maíz,1975,5854090.0,2765200.0,2117.0584406191233
maíz,1976,8298552.0,2531120.0,3278.608679161794
maíz,1977,9698550.0,2659300.0,3647.0311736171175
maíz,1978,8699080.0,2799500.0,3107.369173066619
maíz,1979,6399220.0,2489600.0,2570.3807840616964
maíz,1980,12899150.0,3393700.0,3800.9105106520906
maíz,1981,9599125.0,3169650.0,3028.4495133532096
maíz,1982,8999000.0,2969500.0,3030.476511197171
maíz,1983,9497390.0,3023900.0,3140.775157908661
maíz,1984,11899730.0,3339900.0,3562.9000868289468
maíz,1985,12099500.0,3230800.0,3745.0476662127026
maíz,1986,9249730.0,2899880.0,3189.6940563057783
maíz,1987,9199690.0,2437394.0,3774.395932705176
maíz,1988,4899620.0,1683550.0,2910.2907546553415
maíz,1989,5399580.0,1560149.0,3460.9386667555473
maíz,1990,7683800.0,1899700.0,4044.743906932674
maíz,1991,10696000.0,2363940.0,4524.649525791687
maíz,1992,10895500.0,2501110.0,4356.265817976819
maíz,1993,10357200.0,2444240.0,4237.390763591136
maíz,1994,11402541.0,2521250.0,4522.574516608825
maíz,1995,10517630.0,2603520.0,4039.773076450344
maíz,1996,15536120.0,3410185.0,4555.7997586641195
maíz,1997,19360655.0,3185390.0,6077.954347819263
maíz,1998,13503400.0,2514450.0,5370.319552983754
maíz,1999,16780650.0,3088715.0,5432.890376742432
maíz,2000,15359397.0,2815504.0,5455.292196352767
maíz,2001,14712080.0,2420124.0,6079.060411780553
maíz,2002,15002219.0,2300857.0,6520.274402103217
maíz,2003,14818788.0,2307602.0,6421.726103548185
maíz,2004,20482572.0,2783436.0,7358.736468163809
maíz,2005,14445538.0,2447166.0,5902.966124897126
maíz,2006,21755365.0,2838072.0,7665.543721230469
maíz,2007,22026803.0,3413784.0,6452.31303445092
maíz,2008,13134436.0,2362508.0,5559.530803705215
maíz,2009,22663096.0,2904035.0,7804.0023622304825
maíz,2010,23799830.0,3747838.0,6350.282482860785
maíz,2011,21196637.0,3696300.0,5734.555366176988
maíz,2012,32045751.0,4863801.0,6588.6229720336005
maíz,2013,33087165.0,4836655.0,6840.918982230488
maíz,2014,33817449.0,4626880.0,7308.909891762916
maíz,2015,39792854.0,5346593.0,7442.656285975013
maíz,2016,49490326.0,6536763.0,7571.075469616995
maíz,2017,43462323.0,7138620.0,6088.336821402456
maíz,2018,56860704.0,7232761.0,7861.548860801567
maíz,2019,58395811.0,7730506.0,7553.944204945963
maíz,2020,60525805.0,8146596.0,7429.582245148771
maíz,2021,59037179.0,8768441.0,6732.916261853162
maíz,2022,41409448.0,8104641.0,5109.350062513565
maíz,2023,57494500.0,8736712.0,6580.793781459203
maíz,2024,51690953.0,7422500.0,6964.0893230043785
soja,1941,1241.0,1110.0,1118.018018018018
soja,1942,3223.0,4237.0,760.679726221383
soja,1943,1173.0,880.0,1332.9545454545455
soja,1944,473.0,481.0,983.3679833679834
soja,1945,268.0,227.0,1180.6167400881056
soja,1946,572.0,460.0,1243.4782608695652
soja,1947,477.0,410.0,1163.4146341463415
soja,1948,362.0,370.0,978.3783783783783
soja,1949,442.0,552.0,800.7246376811594
soja,1950,674.0,852.0,791.0798122065728
soja,1951,666.0,715.0,931.4685314685315
soja,1952,961.0,1565.0,614.0575079872204
soja,1953,632.0,634.0,996.8454258675079
soja,1954,483.0,483.0,1000.0
soja,1955,515.0,515.0,1000.0
soja,1956,1430.0,1454.0,983.4938101788171
soja,1957,584.0,589.0,991.5110356536503
soja,1958,805.0,844.0,953.7914691943128
soja,1959,831.0,858.0,968.5314685314685
soja,1960,957.0,980.0,976.530612244898
soja,1961,11220.0,9647.0,1163.0558722919043
soja,1962,18920.0,19302.0,980.2093047352606
soja,1963,14000.0,12220.0,1145.6628477905074
soja,1964,17000.0,16422.0,1035.1966873706003
soja,1965,18001.0,15689.0,1147.3643954362929
soja,1966,20500.0,17290.0,1185.6564488143435
soja,1967,22000.0,20260.0,1085.883514313919
soja,1968,31800.0,28300.0,1123.6749116607773
soja,1969,26800.0,25970.0,1031.959953792838
soja,1970,59000.0,36330.0,1624.0022020368842
soja,1971,78000.0,68000.0,1147.0588235294117
soja,1972,271904.0,156950.0,1732.4243389614528
soja,1973,495880.0,344340.0,1440.0882848347565
soja,1974,485000.0,355940.0,1362.5892004270383
soja,1975,695000.0,433500.0,1603.2295271049597
soja,1976,1400000.0,660000.0,2121.212121212121
soja,1977,2500000.0,1150000.0,2173.913043478261
soja,1978,3700000.0,1600000.0,2312.5
soja,1979,3500000.0,2030000.0,1724.1379310344828
soja,1980,3770000.0,1880000.0,2005.3191489361702
soja,1981,4150000.0,1985600.0,2090.0483481063657
soja,1982,4000000.0,2280700.0,1753.8475029596177
soja,1983,7000000.0,2910000.0,2405.498281786942
soja,1984,6500000.0,3269000.0,1988.3756500458855
soja,1985,7100000.0,3316000.0,2141.133896260555
soja,1986,6666400.0,3516650.0,1895.6677519798673
soja,1987,9900000.0,4373200.0,2263.788530138114
soja,1988,6500000.0,3931250.0,1653.4181240063592
soja,1989,10700000.0,4961600.0,2156.562399226056
soja,1990,10861200.0,4774100.0,2275.025659286567
soja,1991,11308100.0,4934810.0,2291.4965317813653
soja,1992,11043400.0,5115085.0,2158.9866053056794
soja,1993,11719900.0,5748910.0,2038.6299315870313
soja,1994,12133000.0,5934160.0,2044.6027744449088
soja,1995,12448200.0,5913415.0,2105.0780302075873
soja,1996,11004890.0,6393780.0,1721.186840961059
soja,1997,18732172.0,6954120.0,2693.679717922613
soja,1998,20000000.0,8180000.0,2444.987775061125
soja,1999,20131510.0,8635184.0,2331.3353832413995
soja,2000,27266252.0,10612893.0,2569.162998251278
soja,2001,29962194.0,11394403.0,2629.5536501561337
soja,2002,34785121.0,12403394.0,2804.4840791157644
soja,2003,31560148.0,14291714.0,2208.282925337017
soja,2004,38287103.0,14027875.0,2729.3587232563737
soja,2005,40489266.0,15107896.0,2680.0069314747734
soja,2006,47431082.0,15952040.0,2973.3552573840084
soja,2007,46150651.0,16352459.0,2822.2453271400955
soja,2008,30945404.0,16711510.0,1851.7419431278204
soja,2009,53247361.0,18217927.0,2922.8002176098303
soja,2010,48846100.0,18733631.0,2607.4016297214353
soja,2011,40097644.0,17573258.0,2281.7421789402965
soja,2012,49117029.0,19286625.0,2546.688650813712
soja,2013,53398720.0,19252952.0,2773.5341572554694
soja,2014,61398276.0,19334915.0,3175.5131067294583
soja,2015,59095247.0,19590871.0,3016.468588864681
soja,2016,54972546.0,17335666.0,3171.06628611788
soja,2017,37785927.0,16318060.0,2315.5894144279405
soja,2018,55263891.0,16575887.0,3333.9929863180173
soja,2019,48780412.0,16710793.0,2919.0961793375095
soja,2020,46217911.0,16466714.0,2806.7476607658336
soja,2021,43861066.0,15874266.0,2763.029547318912
soja,2022,25044982.0,14356924.0,1744.4531990278697
soja,2023,48213216.0,16371093.0,2945.0212029215154
soja,2024,51107839.0,17455116.0,2927.9575684286488
sorgo,1969,3820000.0,1872300.0,2040.271324039951
sorgo,1970,4660000.0,2234600.0,2085.384408842746
sorgo,1971,2360000.0,1419400.0,1662.6743694518811
sorgo,1972,4960000.0,2130800.0,2327.764220011263
sorgo,1973,5900000.0,2323700.0,2539.0540947626628
sorgo,1974,4830000.0,1937500.0,2492.9032258064517
sorgo,1975,5060000.0,1834400.0,2758.3951155691234
sorgo,1976,6600000.0,2377000.0,2776.6091712242323
sorgo,1977,7200000.0,2254000.0,3194.321206743567
sorgo,1978,6200000.0,2044000.0,3033.2681017612526
sorgo,1979,2960000.0,1279000.0,2314.3080531665364
sorgo,1980,7550000.0,2100000.0,3595.2380952380954
sorgo,1981,7999925.0,2509970.0,3187.2592102694452
sorgo,1982,8099900.0,2519950.0,3214.3098077342806
sorgo,1983,6899865.0,2369950.0,2911.396864912762
sorgo,1984,6199700.0,1964900.0,3155.224184436867
sorgo,1985,3999875.0,1279950.0,3125.0244150162116
sorgo,1986,2996630.0,976950.0,3067.332002661344
sorgo,1987,3200000.0,956000.0,3347.2803347280333
sorgo,1988,1500000.0,592630.0,2531.0902249295514
sorgo,1989,2050000.0,729135.0,2811.5506730578013
sorgo,1990,2252400.0,676000.0,3331.9526627218934
sorgo,1991,2767000.0,764000.0,3621.7277486910994
sorgo,1992,2859700.0,723450.0,3952.8647453175754
sorgo,1993,2148000.0,612580.0,3506.480786183029
sorgo,1994,1649482.0,476890.0,3458.8311770009855
sorgo,1995,2131720.0,549930.0,3876.3478988234865
sorgo,1996,2499000.0,678250.0,3684.482123110947
sorgo,1997,3762335.0,782110.0,4810.493408855532
sorgo,1998,3221750.0,734800.0,4384.52640174197
sorgo,1999,3344493.0,719598.0,4647.724145981506
sorgo,2000,2908775.0,613285.0,4742.941699209992
sorgo,2001,2804725.0,523367.0,5359.002382649269
sorgo,2002,2663550.0,521095.0,5111.44800852052
sorgo,2003,2121733.0,461994.0,4592.555314571185
sorgo,2004,2894250.0,557962.0,5187.1812058885735
sorgo,2005,2327865.0,497640.0,4677.809259705811
sorgo,2006,2794967.0,594410.0,4702.086102185361
sorgo,2007,2940788.0,620410.0,4740.071887945069
sorgo,2008,1475870.0,382843.0,3855.0267341965246
sorgo,2009,3637427.0,755235.0,4816.28499738492
sorgo,2010,4458442.0,1012617.0,4402.890727688751
sorgo,2011,4252310.0,913815.0,4653.359815717623
sorgo,2012,3635837.0,889993.0,4085.2422434783193
sorgo,2013,3466410.0,787657.0,4400.9130878034475
sorgo,2014,3098148.0,658576.0,4704.313549233498
sorgo,2015,3029330.0,673550.0,4497.557716576349
sorgo,2016,2526931.0,541955.0,4662.621435359024
sorgo,2017,1563445.0,437463.0,3573.8908204808176
sorgo,2018,1601435.0,342623.0,4674.044065926689
sorgo,2019,1829914.0,395204.0,4630.302324875254
sorgo,2020,3314616.0,747216.0,4435.954262221366
sorgo,2021,2883301.0,699887.0,4119.6664604429
sorgo,2022,1610102.0,500421.0,3217.4948693200326
sorgo,2023,2495537.0,626182.0,3985.3221587334033
sorgo,2024,2853150.0,708887.0,4024.830473686215
trigo,1927,7682990.0,8172990.0,940.0464211995854
trigo,1928,9499716.0,9075547.0,1046.7375685454551
trigo,1929,4424628.0,6436023.0,687.478587320151
trigo,1930,6321836.0,7902300.0,799.9994938182555
trigo,1931,5979200.0,6486300.0,921.8198356536084
trigo,1932,6556000.0,7200350.0,910.5112945898463
trigo,1933,7790600.0,7304900.0,1066.4896165587481
trigo,1934,6550000.0,6942200.0,943.5049407968655
trigo,1935,3850000.0,4731000.0,813.7814415556965
trigo,1936,6801495.0,7115166.0,955.9151536309905
trigo,1937,5650000.0,6978544.0,809.6244718095924
trigo,1938,10318660.0,8149388.0,1266.1883321790544
trigo,1939,3558000.0,5065460.0,702.4041251929735
trigo,1940,8150000.0,6718000.0,1213.1586781780293
trigo,1941,6486876.0,5933000.0,1093.355132310804
trigo,1942,6400000.0,4875310.0,1312.7370362089796
trigo,1943,6800000.0,5989071.0,1135.4014671056664
trigo,1944,4085220.0,4361130.0,936.7342867559554
trigo,1945,3907000.0,4043450.0,966.2540652165849
trigo,1946,5614970.0,5618836.0,999.3119571384536
trigo,1947,6500000.0,4594300.0,1414.7965957817296
trigo,1948,5200000.0,4343200.0,1197.2738994289925
trigo,1949,5144000.0,4534100.0,1134.514016011998
trigo,1950,5796000.0,5240700.0,1105.9591275974583
trigo,1951,2100000.0,2740400.0,766.3114873741059
trigo,1952,7633540.0,5578900.0,1368.2876552725447
trigo,1953,6200000.0,4996200.0,1240.9431167687442
trigo,1954,7690000.0,5461600.0,1408.0123040867145
trigo,1955,5250000.0,4061800.0,1292.5304052390566
trigo,1956,7100000.0,5392200.0,1316.7167389933609
trigo,1957,5805000.0,4394300.0,1321.0295155087272
trigo,1958,6720000.0,5242500.0,1281.8311874105866
trigo,1959,5837000.0,4378100.0,1333.2267421941024
trigo,1960,4200000.0,3621500.0,1159.7404390445947
trigo,1961,5725000.0,4420900.0,1294.9851840123051
trigo,1962,5700000.0,3744700.0,1522.1513071808156
trigo,1963,8940000.0,5676000.0,1575.0528541226215
trigo,1964,11260000.0,6135380.0,1835.2571478865204
trigo,1965,6079000.0,4601200.0,1321.1770842388942
trigo,1966,6247000.0,5213600.0,1198.2123676538286
trigo,1967,7320000.0,5811600.0,1259.5498657856701
trigo,1968,5740000.0,5837200.0,983.3481806345508
trigo,1969,7019726.0,5191080.0,1352.2669656410612
trigo,1970,4919767.0,3700577.0,1329.459432947889
trigo,1971,5439840.0,4294504.0,1266.6980866707775
trigo,1972,7896787.0,4963365.0,1591.0147651845068
trigo,1973,6559916.0,3957830.0,1657.452695037432
trigo,1974,5969991.0,4232990.0,1410.3484770812122
trigo,1975,8570000.0,5270600.0,1626.0008348195652
trigo,1976,11000000.0,6428000.0,1711.2632233976353
trigo,1977,5299995.0,3909995.0,1355.499175830148
trigo,1978,8100000.0,4685000.0,1728.9220917822838
trigo,1979,8100000.0,4787000.0,1692.0827240442866
trigo,1980,7779990.0,5022990.0,1548.8762669246803
trigo,1981,8299810.0,5925860.0,1400.608519269777
trigo,1982,15000000.0,7320000.0,2049.1803278688526
trigo,1983,12999720.0,7072860.0,1837.97219229562
trigo,1984,13600000.0,5900000.0,2305.084745762712
trigo,1985,8700000.0,5381600.0,1616.61959268619
trigo,1986,8700000.0,4893400.0,1777.9049331752974
trigo,1987,9000000.0,4789100.0,1879.2675032887182
trigo,1988,8540000.0,4651315.0,1836.039915593762
trigo,1989,10000000.0,5285474.0,1891.9779001845436
trigo,1990,10992400.0,5797500.0,1896.0586459680896
trigo,1991,9884000.0,4546650.0,2173.9082621270604
trigo,1992,9874400.0,4254700.0,2320.8216795543754
trigo,1993,9658300.0,4776700.0,2021.960767894153
trigo,1994,11306210.0,5220590.0,2165.6958313140854
trigo,1995,9445015.0,4877650.0,1936.3863745861224
trigo,1996,15913600.0,7099510.0,2241.5068082163416
trigo,1997,14800230.0,5701815.0,2595.7050518124493
trigo,1998,12443000.0,5399080.0,2304.65190365766
trigo,1999,15302560.0,6153440.0,2486.8301307886322
trigo,2000,15959352.0,6408045.0,2490.5180909310093
trigo,2001,15291660.0,6840720.0,2235.3875030698523
trigo,2002,12301442.0,6050210.0,2033.2256235733967
trigo,2003,14562955.0,5735292.0,2539.1828349803286
trigo,2004,15925025.0,6061930.0,2627.055244781777
trigo,2005,12593396.0,4975920.0,2530.8678596118907
trigo,2006,14547960.0,5540405.0,2625.7936017312813
trigo,2007,16354091.0,5777560.0,2830.6224426920708
trigo,2008,8376452.0,4266430.0,1963.3398415068336
trigo,2009,9023139.0,3272740.0,2757.059528101835
trigo,2010,15875653.0,4531520.0,3503.383632864911
trigo,2011,14500519.0,4496078.0,3225.148451606044
trigo,2012,8024996.0,3019403.0,2657.8088449935303
trigo,2013,9188339.0,3451785.0,2661.9094178808937
trigo,2014,13930078.0,4957300.0,2810.0131119762773
trigo,2015,11314952.0,3953102.0,2862.2970011904576
trigo,2016,18395106.0,5566385.0,3304.6772725925352
trigo,2017,18518045.0,5822173.0,3180.6071375756096
trigo,2018,19459727.0,6050953.0,3215.977218795122
trigo,2019,19776942.0,6729838.0,2938.695106776716
trigo,2020,17644277.0,6394102.0,2759.4612973017947
trigo,2021,22150287.0,6548477.0,3382.5097041648005
trigo,2022,12555860.0,5488728.0,2287.5719110147197
trigo,2023,15853154.0,5575352.0,2843.4355355500425
trigo,2024,18510280.0,6341303.0,2919.002608769838
trigo,2025,27862115.0,6785397.0,4106.1878914380395
